url,title,status_code,elapsed_ms,score,matched_required,matched_bonus,snippet,skipped_by_robots,error
https://aws.amazon.com/devops/,DevOps - Amazon Web Services (AWS),200,887.0164999971166,2.05,cloud,,DevOps - Amazon Web Services (AWS) Skip to main content Filter: All English Contact us AWS Marketplace Support My account Search Filter: All Sign in to console Create account AWS › DevOps DevOps and AWS Tooling and infrastructure resources for DevOps practitioners Get started with AWS Overview DevOp,false,
https://aws.amazon.com/about-aws/,About AWS,200,278.2223999965936,2.08,cloud,,"About AWS Skip to main content Filter: All English Contact us AWS Marketplace Support My account Search Filter: All Sign in to console Create account About AWS Overview Our Origins Our Values Our Impact Our People More AWS › About AWS About AWS Overview Since launching in 2006, Amazon Web Services h",false,
https://www.c-sharpcorner.com/jobs/aws-cloud-devops-engineer,AWS Cloud DevOps Engineer,200,930.5658000521362,2.10,cloud,,AWS Cloud DevOps Engineer C# Corner Tech News Videos Forums Trainings Books Events More Interviews Jobs Live Learn Career Members Blogs Challenges Certifications Bounties Contribute Article Blog Video Ebook Interview Question Collapse Feed Dashboard Wallet Learn Achievements Network Refer Rewards Sh,false,
https://www.ekascloud.com/training-courses/aws-devops-cloud-training,AWS DevOps Certification | AWS Certified DevOps Engineer (2024),200,1163.2498000981286,2.21,cloud,,"AWS DevOps Certification | AWS Certified DevOps Engineer (2024) Category Cloud Computing & DevOps Cloud Computing Data Science DevOps Course Name Post Graduate Program in Cloud Computing Advanced Post Graduate Program In Cloud, Devops and Security DevOps with AWS Cloud DevOps with Azure Cloud DevOps",false,
https://www.qedgetech.com/course/devops-training-in-hyderabad/,DevOps Training in Hyderabad  | DevOps Online Training,200,1177.068900084123,3.03,cloud,remote,DevOps Training in Hyderabad  | DevOps Online Training Skip to content Ameerpet +91 9154112233 Hire From Us info@qedgetech.com Home All Courses Close All Courses Open All Courses Software Testing & Selenium with AI Selenium Automation Testing Playwright Automation Testing API Testing Live Project on,false,
https://www.base2services.com/,"DevOps, Cloud Management & AI on AWS | base2Services",200,112.3733000131324,2.04,cloud,,"DevOps, Cloud Management & AI on AWS | base2Services This website uses cookies to maximise your experience and help us improve it. By continuing to browse this website or by clicking 'Accept', you consent to the use of cookies. You can find more information on how to manage your cookie settings in o",false,
https://hotcerts.com/blog/aws-devops-tools-for-effective-cloud-deployment/,AWS DevOps: The Skills and Tools You Need for Effective Cloud Deployment | HotCerts,200,688.0828000139445,2.08,cloud,,AWS DevOps: The Skills and Tools You Need for Effective Cloud Deployment | HotCerts Skip to main content Exams FOR BUSINESS For Teams For Enterprise For Bootcamp For Tech Hiring Teams PRICING Search everything... AWS DevOps: The Skills and Tools You Need for Effective Cloud Deployment Posted on Apri,false,
https://aws.amazon.com/devops/#aws-page-content-main,DevOps - Amazon Web Services (AWS),200,475.7782000815496,2.05,cloud,,DevOps - Amazon Web Services (AWS) Skip to main content Filter: All English Contact us AWS Marketplace Support My account Search Filter: All Sign in to console Create account AWS › DevOps DevOps and AWS Tooling and infrastructure resources for DevOps practitioners Get started with AWS Overview DevOp,false,
https://aws.amazon.com/?nc2=h_home,Cloud Computing Services - Amazon Web Services (AWS),200,2897.6601000176743,2.10,cloud,,Cloud Computing Services - Amazon Web Services (AWS) Skip to main content Filter: All English Contact us AWS Marketplace Support My account Search Filter: All Sign in to console Create account 1 / 5 Infrastructure Meet Project Rainier: One of the world’s largest AI compute clusters Take a look insid,false,
https://aws.amazon.com/contact-us/?nc2=h_ut_cu,AWS Support and Customer Service Contact Info | Amazon Web Services,200,362.38039995078,2.03,cloud,,"AWS Support and Customer Service Contact Info | Amazon Web Services Skip to main content Filter: All English Contact us AWS Marketplace Support My account Search Filter: All Sign in to console Create account AWS Support › Contact AWS Contact AWS General support for sales, compliance, and subscribers",false,
https://aws.amazon.com/marketplace/?nc2=h_utmp,AWS Marketplace: Homepage,200,791.4924999931827,3.06,cloud,remote,AWS Marketplace: Homepage AWS Marketplace Home Sign in Sign in or Create a new account Search Field Categories About What is AWS Marketplace? Why AWS Marketplace? Get started in AWS Marketplace Procurement options Cost management tools Governance & control features ??service_pages.dropdown.free_tria,false,
https://aws.amazon.com/,Cloud Computing Services - Amazon Web Services (AWS),200,609.5803000498563,2.10,cloud,,Cloud Computing Services - Amazon Web Services (AWS) Skip to main content Filter: All English Contact us AWS Marketplace Support My account Search Filter: All Sign in to console Create account 1 / 5 Infrastructure Meet Project Rainier: One of the world’s largest AI compute clusters Take a look insid,false,
https://aws.amazon.com/devops/what-is-devops/,What is DevOps? - DevOps Models Explained - Amazon Web Services (AWS),200,700.0362999970093,2.02,cloud,,What is DevOps? - DevOps Models Explained - Amazon Web Services (AWS) Skip to main content Filter: All English Contact us AWS Marketplace Support My account Search Filter: All Sign in to console Create account DevOps on AWS DevOps Blog Partner Solutions Resources The Amazon Builders' Library Home › ,false,
https://aws.amazon.com/solutions/partners/dev-ops/,AWS DevOps Competency Partners,200,481.1669000191614,2.03,cloud,,AWS DevOps Competency Partners Skip to main content Filter: All English Contact us AWS Marketplace Support My account Search Filter: All Sign in to console Create account AWS › Partners › AWS DevOps Competency Partners AWS DevOps Competency Partners Drive innovation and unlock greater business value,false,
https://aws.amazon.com/devops/resources/,DevOps - Amazon Web Services (AWS),200,1037.2752000112087,2.05,cloud,,DevOps - Amazon Web Services (AWS) Skip to main content Filter: All English Contact us AWS Marketplace Support My account Search Filter: All Sign in to console Create account AWS › DevOps DevOps and AWS Tooling and infrastructure resources for DevOps practitioners Get started with AWS Overview DevOp,false,
https://aws.amazon.com/builders-library/,The Amazon Builders' Library,200,341.2468999158591,2.08,cloud,,The Amazon Builders' Library Skip to main content Filter: All English Contact us AWS Marketplace Support My account Search Filter: All Sign in to console Create account AWS › Developer Center › Amazon Builders Library The Amazon Builders' Library How Amazon builds and operates software Explore the l,false,
https://aws.amazon.com/products/developer-tools/,Developer Tools – AWS,200,387.290499988012,2.04,cloud,,Developer Tools – AWS Skip to main content Filter: All English Contact us AWS Marketplace Support My account Search Filter: All Sign in to console Create account AWS Developer Tools Overview Customers Products › Developer Tools Developer Tools on AWS Develop applications on AWS faster and easier Why,false,
